-- ADDRESS --
insert into ADDRESS (ID, COUNTRY, CITY, NEIGHBOURHOOD, STREET, APARTMENTNO, POSTALCODE) values (1, 'Burkina Faso', 'Kaya', 'Mallory', 'Monument', 87, 8516);
insert into ADDRESS (ID, COUNTRY, CITY, NEIGHBOURHOOD, STREET, APARTMENTNO, POSTALCODE) values (2, 'China', 'Zhaobei', 'Fisk', 'Sunbrook', 9, 3600);
insert into ADDRESS (ID, COUNTRY, CITY, NEIGHBOURHOOD, STREET, APARTMENTNO, POSTALCODE) values (3, 'Czech Republic', 'Zásmuky', 'Vera', 'Kings', 94, 9084);
insert into ADDRESS (ID, COUNTRY, CITY, NEIGHBOURHOOD, STREET, APARTMENTNO, POSTALCODE) values (4, 'France', 'Suresnes', 'Algoma', 'Leroy', 59, 8123);
insert into ADDRESS (ID, COUNTRY, CITY, NEIGHBOURHOOD, STREET, APARTMENTNO, POSTALCODE) values (5, 'Indonesia', 'Bomomani', 'Chive', 'Hayes', 30, 8786);
insert into ADDRESS (ID, COUNTRY, CITY, NEIGHBOURHOOD, STREET, APARTMENTNO, POSTALCODE) values (6, 'Portugal', 'Casal', 'David', 'Leroy', 73, 1861);
insert into ADDRESS (ID, COUNTRY, CITY, NEIGHBOURHOOD, STREET, APARTMENTNO, POSTALCODE) values (7, 'Philippines', 'Agdangan', 'Kingsford', 'Laurel', 38, 2452);
insert into ADDRESS (ID, COUNTRY, CITY, NEIGHBOURHOOD, STREET, APARTMENTNO, POSTALCODE) values (8, 'China', 'Qiaobian', 'Lunder', 'Stuart', 65, 8614);
insert into ADDRESS (ID, COUNTRY, CITY, NEIGHBOURHOOD, STREET, APARTMENTNO, POSTALCODE) values (9, 'China', 'Erling', 'Monument', 'Oak', 2, 7019);
insert into ADDRESS (ID, COUNTRY, CITY, NEIGHBOURHOOD, STREET, APARTMENTNO, POSTALCODE) values (10, 'China', 'Huichang', 'Artisan', 'Eastlawn', 61, 4027);
insert into ADDRESS (ID, COUNTRY, CITY, NEIGHBOURHOOD, STREET, APARTMENTNO, POSTALCODE) values (11, 'Indonesia', 'Cihaurbeuti', 'Orin', 'Hintze', 26, 3047);
insert into ADDRESS (ID, COUNTRY, CITY, NEIGHBOURHOOD, STREET, APARTMENTNO, POSTALCODE) values (12, 'Finland', 'Virojoki', 'Myrtle', 'Ruskin', 80, 7638);
insert into ADDRESS (ID, COUNTRY, CITY, NEIGHBOURHOOD, STREET, APARTMENTNO, POSTALCODE) values (13, 'Indonesia', 'Sambirobyong', 'Hagan', 'Homewood', 99, 3829);
insert into ADDRESS (ID, COUNTRY, CITY, NEIGHBOURHOOD, STREET, APARTMENTNO, POSTALCODE) values (14, 'China', 'Xingshou', 'Heath', '2nd', 58, 8018);
insert into ADDRESS (ID, COUNTRY, CITY, NEIGHBOURHOOD, STREET, APARTMENTNO, POSTALCODE) values (15, 'Philippines', 'Bato', '4th', 'Kinsman', 64, 7254);
insert into ADDRESS (ID, COUNTRY, CITY, NEIGHBOURHOOD, STREET, APARTMENTNO, POSTALCODE) values (16, 'Sweden', 'Borlänge', 'Homewood', 'Atwood', 76, 5467);
insert into ADDRESS (ID, COUNTRY, CITY, NEIGHBOURHOOD, STREET, APARTMENTNO, POSTALCODE) values (17, 'Philippines', 'Bagroy', 'Shopko', 'Randy', 51, 5561);
insert into ADDRESS (ID, COUNTRY, CITY, NEIGHBOURHOOD, STREET, APARTMENTNO, POSTALCODE) values (18, 'Croatia', 'Soljani', 'Meadow Valley', 'Rowland', 45, 4957);
insert into ADDRESS (ID, COUNTRY, CITY, NEIGHBOURHOOD, STREET, APARTMENTNO, POSTALCODE) values (19, 'China', 'Shadui', 'International', 'Maple', 33, 1044);
insert into ADDRESS (ID, COUNTRY, CITY, NEIGHBOURHOOD, STREET, APARTMENTNO, POSTALCODE) values (20, 'Sweden', 'Haninge', 'Mcguire', 'Waxwing', 52, 7811);
insert into ADDRESS (ID, COUNTRY, CITY, NEIGHBOURHOOD, STREET, APARTMENTNO, POSTALCODE) values (21, 'North Korea', 'Sunan', 'Dorton', 'Amoth', 97, 9325);
insert into ADDRESS (ID, COUNTRY, CITY, NEIGHBOURHOOD, STREET, APARTMENTNO, POSTALCODE) values (22, 'Indonesia', 'Kokop', 'Golf Course', 'Boyd', 18, 4901);

-- VENDOR --
insert into VENDOR (ID, FIRSTNAME, LASTNAME, EMAIL, PHONE, COMPANYNAME, URL) values (1, 'Stacey', 'Ducroe', 'stacey.ducroe@booking.com', '1095811650', 'Flashpoint', 'https://nyu.edu');
insert into VENDOR (ID, FIRSTNAME, LASTNAME, EMAIL, PHONE, COMPANYNAME, URL) values (2, 'Melisent', 'Yokel', 'melisent.yokel@posterous.com', '2248593602', 'Photobug', 'https://harvard.edu');
insert into VENDOR (ID, FIRSTNAME, LASTNAME, EMAIL, PHONE, COMPANYNAME, URL) values (3, 'Graehme', 'Dyott', 'graehme.dyott@mayoclinic.com', '3125157202', 'Geba', 'https://bloglovin.com');
insert into VENDOR (ID, FIRSTNAME, LASTNAME, EMAIL, PHONE, COMPANYNAME, URL) values (4, 'Fayre', 'Neaves', 'fayre.neaves@google.it', '1379764494', 'Brainlounge', 'http://java.com');
insert into VENDOR (ID, FIRSTNAME, LASTNAME, EMAIL, PHONE, COMPANYNAME, URL) values (5, 'Kari', 'Seaman', 'kari.seaman@hhs.gov', '9508548768', 'Eabox', 'https://aboutads.info');
insert into VENDOR (ID, FIRSTNAME, LASTNAME, EMAIL, PHONE, COMPANYNAME, URL) values (6, 'Daveen', 'Cawsy', 'daveen.cawsy@yolasite.com', '1515985383', 'Layo', 'https://zimbio.com');
insert into VENDOR (ID, FIRSTNAME, LASTNAME, EMAIL, PHONE, COMPANYNAME, URL) values (7, 'Brien', 'Kilmartin', 'brien.kilmartin@163.com', '7108191821', 'Eidel', 'https://edublogs.org');
insert into VENDOR (ID, FIRSTNAME, LASTNAME, EMAIL, PHONE, COMPANYNAME, URL) values (8, 'Uri', 'Adamo', 'uri.adamo@squidoo.com', '7047678729', 'Janyx', 'https://twitter.com');
insert into VENDOR (ID, FIRSTNAME, LASTNAME, EMAIL, PHONE, COMPANYNAME, URL) values (9, 'Matt', 'Kundt', 'matt.kundt@printfriendly.com', '6448554533', 'Kwilith', 'http://springer.com');
insert into VENDOR (ID, FIRSTNAME, LASTNAME, EMAIL, PHONE, COMPANYNAME, URL) values (10, 'Nelle', 'Sherrock', 'nelle.sherrock@usda.gov', '5427599780', 'InnoZ', 'http://ted.com');
insert into VENDOR (ID, FIRSTNAME, LASTNAME, EMAIL, PHONE, COMPANYNAME, URL) values (11, 'Nichole', 'Sokill', 'nichole.sokill@google.ca', '6079296805', 'Trupe', 'http://dell.com');

-- VENDORADDRESS --
insert into VENDORADDRESS (ID, IDVENDOR, IDADDRESS) values (1,  10, 21);
insert into VENDORADDRESS (ID, IDVENDOR, IDADDRESS) values (2,  3,  18);
insert into VENDORADDRESS (ID, IDVENDOR, IDADDRESS) values (3,  11, 16);
insert into VENDORADDRESS (ID, IDVENDOR, IDADDRESS) values (4,  8,  15);
insert into VENDORADDRESS (ID, IDVENDOR, IDADDRESS) values (5,  1,  12);
insert into VENDORADDRESS (ID, IDVENDOR, IDADDRESS) values (6,  4,  11);
insert into VENDORADDRESS (ID, IDVENDOR, IDADDRESS) values (7,  2,  10);
insert into VENDORADDRESS (ID, IDVENDOR, IDADDRESS) values (8,  5,  8);
insert into VENDORADDRESS (ID, IDVENDOR, IDADDRESS) values (9,  6,  5);
insert into VENDORADDRESS (ID, IDVENDOR, IDADDRESS) values (10, 7,  4);
insert into VENDORADDRESS (ID, IDVENDOR, IDADDRESS) values (11, 9,  2);

-- MEMBER --
INSERT INTO MEMBER (NAME, SURNAME, EMAIL, PASSWORD, IDADDRESS) VALUES ('Camélia', 'Pevreal', 'camélia.pevreal@hud.gov', 'rVh0Jo', 20);
INSERT INTO MEMBER (NAME, SURNAME, EMAIL, PASSWORD, IDADDRESS) VALUES ('Aloïs', 'Mahmood', 'aloïs.mahmood@salon.com', 'bpaEpTEJMQ', 10);
INSERT INTO MEMBER (NAME, SURNAME, EMAIL, PASSWORD, IDADDRESS) VALUES ('Mélanie', 'Tolland', 'mélanie.tolland@google.com', 'dsF9FK9', 10);
INSERT INTO MEMBER (NAME, SURNAME, EMAIL, PASSWORD, IDADDRESS) VALUES ('Maïly', 'Powlesland', 'maïly.powlesland@yahoo.com', 'shAIXDW7', 6);
INSERT INTO MEMBER (NAME, SURNAME, EMAIL, PASSWORD, IDADDRESS) VALUES ('Illustrée', 'Barehead', 'illustrée.barehead@1688.com', 'pO4aCpGd', 18);
INSERT INTO MEMBER (NAME, SURNAME, EMAIL, PASSWORD, IDADDRESS) VALUES ('Bérénice', 'Roselli', 'bérénice.roselli@webs.com', 'caHe6hOwG9', 13);
INSERT INTO MEMBER (NAME, SURNAME, EMAIL, PASSWORD, IDADDRESS) VALUES ('Lài', 'Stores', 'lài.stores@i2i.jp', 'p4ghLwaUFtm', 19);
INSERT INTO MEMBER (NAME, SURNAME, EMAIL, PASSWORD, IDADDRESS) VALUES ('Félicie', 'Chicco', 'félicie.chicco@123-reg.co.uk', 'fZyxDa', 15);
INSERT INTO MEMBER (NAME, SURNAME, EMAIL, PASSWORD, IDADDRESS) VALUES ('Réjane', 'Aprahamian', 'réjane.aprahamian@tamu.edu', 'jnci6vlS', 9);
INSERT INTO MEMBER (NAME, SURNAME, EMAIL, PASSWORD, IDADDRESS) VALUES ('Inès', 'Jezzard', 'inès.jezzard@live.com', 'NKOIc1QNH', 14);
INSERT INTO MEMBER (NAME, SURNAME, EMAIL, PASSWORD, IDADDRESS) VALUES ('Adélie', 'Abram', 'adélie.abram@usda.gov', 'lnFkOd1s', 12);

-- PAYMENT --
insert into PAYMENT (CARDNO, CARDTYPE, CARDHOLDERN, CARDHOLDERS, CARDEXPIRED) values ('3538', 'jcb', 'Camélia', 'Pevreal', '2020-12-23');
insert into PAYMENT (CARDNO, CARDTYPE, CARDHOLDERN, CARDHOLDERS, CARDEXPIRED) values ('401', 'visa','Aloïs', 'Mahmood','2020-11-15');
insert into PAYMENT (CARDNO, CARDTYPE, CARDHOLDERN, CARDHOLDERS, CARDEXPIRED) values ('356', 'jcb','Mélanie', 'Tolland', '2021-09-15');
insert into PAYMENT (CARDNO, CARDTYPE, CARDHOLDERN, CARDHOLDERS, CARDEXPIRED) values ('3528', 'jcb', 'Maïly', 'Powlesland', '2025-06-30');
insert into PAYMENT (CARDNO, CARDTYPE, CARDHOLDERN, CARDHOLDERS, CARDEXPIRED) values ('35684', 'jcb', 'Illustrée', 'Barehead', '2022-10-20');
insert into PAYMENT (CARDNO, CARDTYPE, CARDHOLDERN, CARDHOLDERS, CARDEXPIRED) values ('51087534', 'mastercard','Bérénice', 'Roselli', '2026-10-21');
insert into PAYMENT (CARDNO, CARDTYPE, CARDHOLDERN, CARDHOLDERS, CARDEXPIRED) values ('35781345', 'jcb', 'Lài', 'Stores','2021-11-09');
insert into PAYMENT (CARDNO, CARDTYPE, CARDHOLDERN, CARDHOLDERS, CARDEXPIRED) values ('35762492', 'jcb',  'Félicie', 'Chicco', '2022-04-02');
insert into PAYMENT (CARDNO, CARDTYPE, CARDHOLDERN, CARDHOLDERS, CARDEXPIRED) values ('5602', 'bankcard', 'Réjane', 'Aprahamian', '2021-01-14');
insert into PAYMENT (CARDNO, CARDTYPE, CARDHOLDERN, CARDHOLDERS, CARDEXPIRED) values ('49038', 'switch', 'Inès', 'Jezzard', '2020-09-18');
insert into PAYMENT (CARDNO, CARDTYPE, CARDHOLDERN, CARDHOLDERS, CARDEXPIRED) values ('354261', 'jcb', 'Adélie', 'Abram', '2023-05-14');

-- ORDER --
insert into ORDER (ORDERNO, STATUS, CARDNO) values ('1','ACCEPTED' , 3538);
insert into ORDER (ORDERNO, STATUS, CARDNO) values ('2','UNACCEPETED', 3538);
insert into ORDER (ORDERNO, STATUS, CARDNO) values ('3', 'UNACCEPETED', 356);
insert into ORDER (ORDERNO, STATUS, CARDNO) values ('4', 'ACCEPTED', 35684);
insert into ORDER (ORDERNO, STATUS, CARDNO) values ('5', 'ACCEPTED',51087534);
insert into ORDER (ORDERNO,  STATUS, CARDNO) values ('6', 'ACCEPTED', 35781345);
insert into ORDER (ORDERNO,  STATUS, CARDNO) values ('7', 'UNACCEPETED', 5602);
insert into ORDER (ORDERNO,  STATUS, CARDNO) values ('8', 'ACCEPTED', 354261);
insert into ORDER (ORDERNO,  STATUS, CARDNO) values ('9', 'UNACCEPETED', 35762492);

-- BOOK --
insert into BOOK (SKU, BARCODE, PRICE, STORGQUANT, VENDORID, CATEGORY, GENRE, TITLE, AUTHOR, LANGUAGE, PUBLISHER, NUMOFPAGES) values (100754, '137988489424', 20.14, 23, 8, 'book', 'action', 'Two Rabbits (2 Coelhos)', 'Edouard Lefley', 'New Zealand Sign Language', 'Strayer Education, Inc.', 135);
insert into BOOK (SKU, BARCODE, PRICE, STORGQUANT, VENDORID, CATEGORY, GENRE, TITLE, AUTHOR, LANGUAGE, PUBLISHER, NUMOFPAGES) values (100689, '152268925439', 15, 14, 3, 'book', 'adventure', 'Johnny Tremain', 'Sheffie Trinke', 'Quechua', 'First Trust Eurozone AlphaDEX ETF', 158);
insert into BOOK (SKU, BARCODE, PRICE, STORGQUANT, VENDORID, CATEGORY, GENRE, TITLE, AUTHOR, LANGUAGE, PUBLISHER, NUMOFPAGES) values (100182, '143009825483', 4.6, 54, 6, 'book', 'drama', 'King''s Speech, The', 'Jdavie Prestner', 'Armenian', 'Penn Virginia Corporation', 117);
insert into BOOK (SKU, BARCODE, PRICE, STORGQUANT, VENDORID, CATEGORY, GENRE, TITLE, AUTHOR, LANGUAGE, PUBLISHER, NUMOFPAGES) values (100119, '165160247408', 16.48, 29, 9, 'book', 'comedy', 'Baxter, The', 'Ware Antonetti', 'Latvian', 'Check-Cap Ltd.', 132);
insert into BOOK (SKU, BARCODE, PRICE, STORGQUANT, VENDORID, CATEGORY, GENRE, TITLE, AUTHOR, LANGUAGE, PUBLISHER, NUMOFPAGES) values (100150, '112008339013', 10.37, 49, 7, 'book', 'drama', 'Cronos', 'Briant Phipps', 'Yiddish', 'Advanced Emissions Solutions, Inc.', 140);
insert into BOOK (SKU, BARCODE, PRICE, STORGQUANT, VENDORID, CATEGORY, GENRE, TITLE, AUTHOR, LANGUAGE, PUBLISHER, NUMOFPAGES) values (100295, '105797675530', 5.69, 22, 5, 'book', 'horror', 'Alien', 'Claudius McKinnon', 'Sotho', 'Regal Entertainment Group', 116);
insert into BOOK (SKU, BARCODE, PRICE, STORGQUANT, VENDORID, CATEGORY, GENRE, TITLE, AUTHOR, LANGUAGE, PUBLISHER, NUMOFPAGES) values (100229, '114506554252', 24.03, 32, 7, 'book', 'thriller', 'American Yakuza', 'Stanleigh Sentinella', 'Malay', 'iShares MSCI New Zealand Capped ETF', 183);
insert into BOOK (SKU, BARCODE, PRICE, STORGQUANT, VENDORID, CATEGORY, GENRE, TITLE, AUTHOR, LANGUAGE, PUBLISHER, NUMOFPAGES) values (100181, '198997663681', 4.49, 91, 8, 'book', 'thriller', 'Passion of Darkly Noon, The', 'Gaile Judkin', 'Bulgarian', 'Origin Agritech Limited', 119);
insert into BOOK (SKU, BARCODE, PRICE, STORGQUANT, VENDORID, CATEGORY, GENRE, TITLE, AUTHOR, LANGUAGE, PUBLISHER, NUMOFPAGES) values (100873, '113179458863', 11, 32, 11, 'book', 'fantasy', 'Dollman vs. Demonic Toys', 'Kip Harg', 'Latvian', 'BLDRS Developed Markets 100 ADR Index Fund', 139);
insert into BOOK (SKU, BARCODE, PRICE, STORGQUANT, VENDORID, CATEGORY, GENRE, TITLE, AUTHOR, LANGUAGE, PUBLISHER, NUMOFPAGES) values (100559, '177217109490', 34, 57, 2, 'book', 'drama', 'Who''s Afraid of Virginia Woolf?', 'Worden Gimson', 'Azeri', 'The Obesity ETF', 79);
insert into BOOK (SKU, BARCODE, PRICE, STORGQUANT, VENDORID, CATEGORY, GENRE, TITLE, AUTHOR, LANGUAGE, PUBLISHER, NUMOFPAGES) values (100870, '164695223230', 2.29, 32, 11, 'book', 'comedy', 'How to Make Love to a Woman', 'Camilla Durrington', 'Bengali', 'ArcelorMittal', 179);

-- NOTEBOOK --
insert into NOTEBOOK (SKU, BARCODE, PRICE, STORGQUANT, CATEGORY, VENDORID, TYPE, FORMAT, RECYCLPAPER, NUMOFPAGES) values (200903, '244142131020', 15, 25, 'notebook', 1, 'lines', 'A5', 'n', 30);
insert into NOTEBOOK (SKU, BARCODE, PRICE, STORGQUANT, CATEGORY, VENDORID, TYPE, FORMAT, RECYCLPAPER, NUMOFPAGES) values (200219, '268578842240', 16.75, 44, 'notebook', 2, 'square', 'A6', 'y', 77);
insert into NOTEBOOK (SKU, BARCODE, PRICE, STORGQUANT, CATEGORY, VENDORID, TYPE, FORMAT, RECYCLPAPER, NUMOFPAGES) values (200914, '284248151258', 4.36, 63, 'notebook', 2, 'square', 'A6', 'y', 59);
insert into NOTEBOOK (SKU, BARCODE, PRICE, STORGQUANT, CATEGORY, VENDORID, TYPE, FORMAT, RECYCLPAPER, NUMOFPAGES) values (200701, '276573990043', 22, 13, 'notebook', 5, 'lines', 'A4', 'y', 60);
insert into NOTEBOOK (SKU, BARCODE, PRICE, STORGQUANT, CATEGORY, VENDORID, TYPE, FORMAT, RECYCLPAPER, NUMOFPAGES) values (200967, '246999312832', 11, 11, 'notebook', 11, 'square', 'A4', 'n', 45);
insert into NOTEBOOK (SKU, BARCODE, PRICE, STORGQUANT, CATEGORY, VENDORID, TYPE, FORMAT, RECYCLPAPER, NUMOFPAGES) values (200191, '222448851165', 21, 16, 'notebook', 11, 'lines', 'A4', 'y', 60);
insert into NOTEBOOK (SKU, BARCODE, PRICE, STORGQUANT, CATEGORY, VENDORID, TYPE, FORMAT, RECYCLPAPER, NUMOFPAGES) values (200590, '205782781380', 9.17, 53, 'notebook', 6, 'lines', 'A3', 'y', 37);
insert into NOTEBOOK (SKU, BARCODE, PRICE, STORGQUANT, CATEGORY, VENDORID, TYPE, FORMAT, RECYCLPAPER, NUMOFPAGES) values (200633, '253939977959', 12.86, 66, 'notebook', 9, 'square', 'A2', 'y', 35);
insert into NOTEBOOK (SKU, BARCODE, PRICE, STORGQUANT, CATEGORY, VENDORID, TYPE, FORMAT, RECYCLPAPER, NUMOFPAGES) values (200029, '278054211492', 54, 55, 'notebook', 2, 'square', 'A5', 'n', 25);
insert into NOTEBOOK (SKU, BARCODE, PRICE, STORGQUANT, CATEGORY, VENDORID, TYPE, FORMAT, RECYCLPAPER, NUMOFPAGES) values (200201, '232705575096', 32, 19, 'notebook', 1, 'lines', 'A5', 'n', 70);
insert into NOTEBOOK (SKU, BARCODE, PRICE, STORGQUANT, CATEGORY, VENDORID, TYPE, FORMAT, RECYCLPAPER, NUMOFPAGES) values (200939, '270113271707', 7.08, 57, 'notebook', 6, 'lines', 'A4', 'y', 52);

-- PEN
insert into PEN (SKU, BARCODE, PRICE, STORGQUANT, CATEGORY, VENDORID, SIZE, COLOUR) values (300917, '382392014024', 4.95, 300, 'pen', 2, 1, 'goldenrod');
insert into PEN (SKU, BARCODE, PRICE, STORGQUANT, CATEGORY, VENDORID, SIZE, COLOUR) values (300465, '399134004209', 2, 516, 'pen', 3, 0.5, 'blue');
insert into PEN (SKU, BARCODE, PRICE, STORGQUANT, CATEGORY, VENDORID, SIZE, COLOUR) values (300889, '310991751312', 3.77, 349, 'pen', 4, 1, 'blue');
insert into PEN (SKU, BARCODE, PRICE, STORGQUANT, CATEGORY, VENDORID, SIZE, COLOUR) values (300840, '331958902807', 1, 283, 'pen', 4, 0.5, 'blue');
insert into PEN (SKU, BARCODE, PRICE, STORGQUANT, CATEGORY, VENDORID, SIZE, COLOUR) values (300646, '396547370650', 4.94, 200, 'pen', 5, 0.2, 'aquamarine');
insert into PEN (SKU, BARCODE, PRICE, STORGQUANT, CATEGORY, VENDORID, SIZE, COLOUR) values (300602, '371705125136', 4.27, 478, 'pen', 7, 1, 'black');
insert into PEN (SKU, BARCODE, PRICE, STORGQUANT, CATEGORY, VENDORID, SIZE, COLOUR) values (300212, '307060722629', 2.83, 265, 'pen', 7, 1, 'red');
insert into PEN (SKU, BARCODE, PRICE, STORGQUANT, CATEGORY, VENDORID, SIZE, COLOUR) values (300732, '321032519138', 2.5, 242, 'pen', 2, 0.5, 'black');
insert into PEN (SKU, BARCODE, PRICE, STORGQUANT, CATEGORY, VENDORID, SIZE, COLOUR) values (300905, '317316446721', 2.41, 220, 'pen', 6, 0.5, 'green');
insert into PEN (SKU, BARCODE, PRICE, STORGQUANT, CATEGORY, VENDORID, SIZE, COLOUR) values (300852, '390691994884', 2.73, 547, 'pen', 5, 1, 'black');
insert into PEN (SKU, BARCODE, PRICE, STORGQUANT, CATEGORY, VENDORID, SIZE, COLOUR) values (300750, '346692054693', 3.54, 254, 'pen', 1, 0.5, 'black');

-- PENCIL --
insert into PENCIL (SKU, BARCODE, PRICE, STORGQUANT, CATEGORY, VENDORID, TYPE, ERASER, COLOUR) values (400381, '451737689715', 2.67, 198, 'pencil', 9, 'HB2', 'y', 'black');
insert into PENCIL (SKU, BARCODE, PRICE, STORGQUANT, CATEGORY, VENDORID, TYPE, ERASER, COLOUR) values (400088, '446831475920', 3, 152, 'pencil', 1, 'B2', 'y', 'pink');
insert into PENCIL (SKU, BARCODE, PRICE, STORGQUANT, CATEGORY, VENDORID, TYPE, ERASER, COLOUR) values (400617, '404806024068', 3, 23, 'pencil', 2, 'HB', 'y', 'fuscia');
insert into PENCIL (SKU, BARCODE, PRICE, STORGQUANT, CATEGORY, VENDORID, TYPE, ERASER, COLOUR) values (400501, '461373751869', 2.31, 44, 'pencil', 7, 'B3', 'y', 'aquamarine');
insert into PENCIL (SKU, BARCODE, PRICE, STORGQUANT, CATEGORY, VENDORID, TYPE, ERASER, COLOUR) values (400001, '430127769190', 3.07, 102, 'pencil', 7, 'B1', 'y', 'mauv');
insert into PENCIL (SKU, BARCODE, PRICE, STORGQUANT, CATEGORY, VENDORID, TYPE, ERASER, COLOUR) values (400399, '486765707563', 2, 62, 'pencil', 3, 'HB', 'y', 'maroon');
insert into PENCIL (SKU, BARCODE, PRICE, STORGQUANT, CATEGORY, VENDORID, TYPE, ERASER, COLOUR) values (400913, '417995635898', 6, 126, 'pencil', 4, 'HB2', 'n', 'khaki');
insert into PENCIL (SKU, BARCODE, PRICE, STORGQUANT, CATEGORY, VENDORID, TYPE, ERASER, COLOUR) values (400557, '477109969783', 3, 12, 'pencil', 4, 'H1', 'n', 'aquamarine');
insert into PENCIL (SKU, BARCODE, PRICE, STORGQUANT, CATEGORY, VENDORID, TYPE, ERASER, COLOUR) values (400663, '444227051891', 3.58, 128, 'pencil', 2, 'B4', 'y', 'orange');
insert into PENCIL (SKU, BARCODE, PRICE, STORGQUANT, CATEGORY, VENDORID, TYPE, ERASER, COLOUR) values (400049, '459352433377', 1, 141, 'pencil', 5, 'B2', 'n', 'green');
insert into PENCIL (SKU, BARCODE, PRICE, STORGQUANT, CATEGORY, VENDORID, TYPE, ERASER, COLOUR) values (400888, '469232709420', 3.18, 195, 'pencil', 6, 'H2', 'y', 'crimson');

-- BASKET --
insert into BASKET (ID, TOTALPRICE, ORDERNO, CARDNO, EMAIL, SKU, QUANTITY) values (1,  16.48,    1,  3538,      'camélia.pevreal@hud.gov',       100119, 1);
insert into BASKET (ID, TOTALPRICE, ORDERNO, CARDNO, EMAIL, SKU, QUANTITY) values (2, 181.26,    6,  35781345,  'lài.stores@i2i.jp',             100754, 9);
insert into BASKET (ID, TOTALPRICE, ORDERNO, CARDNO, EMAIL, SKU, QUANTITY) values (3,     46,    9,  35762492,  'félicie.chicco@123-reg.co.uk',  400913, 8);
insert into BASKET (ID, TOTALPRICE, ORDERNO, CARDNO, EMAIL, SKU, QUANTITY) values (4,     24,    3,       356,  'mélanie.tolland@google.com',    100181, 5);
insert into BASKET (ID, TOTALPRICE, ORDERNO, CARDNO, EMAIL, SKU, QUANTITY) values (5,   9.88,   4,     35684,  'illustrée.barehead@1688.com',   300646, 2);
insert into BASKET (ID, TOTALPRICE, ORDERNO, CARDNO, EMAIL, SKU, QUANTITY) values (6,      9,    1,      3538,  'camélia.pevreal@hud.gov',       300840, 9);
insert into BASKET (ID, TOTALPRICE, ORDERNO, CARDNO, EMAIL, SKU, QUANTITY) values (7,     34,    2,      3538,  'camélia.pevreal@hud.gov',       100559, 1);
insert into BASKET (ID, TOTALPRICE, ORDERNO, CARDNO, EMAIL, SKU, QUANTITY) values (8,  21.24,    7,      5602,  'réjane.aprahamian@tamu.edu',    200939, 3);
insert into BASKET (ID, TOTALPRICE, ORDERNO, CARDNO, EMAIL, SKU, QUANTITY) values (9,  18.85,    3,       356,  'mélanie.tolland@google.com',    300889, 5);
insert into BASKET (ID, TOTALPRICE, ORDERNO, CARDNO, EMAIL, SKU, QUANTITY) values (10,   324,    3,       356,  'mélanie.tolland@google.com',    200029, 6);
insert into BASKET (ID, TOTALPRICE, ORDERNO, CARDNO, EMAIL, SKU, QUANTITY) values (11, 49.44,    3,       356,  'mélanie.tolland@google.com',    100119, 3);
insert into BASKET (ID, TOTALPRICE, ORDERNO, CARDNO, EMAIL, SKU, QUANTITY) values (12,   320,    2,      3538,  'camélia.pevreal@hud.gov',      200201, 10);
insert into BASKET (ID, TOTALPRICE, ORDERNO, CARDNO, EMAIL, SKU, QUANTITY) values (13, 14.15,    9,  35762492, 'félicie.chicco@123-reg.co.uk',  300212,  5);
